<?xml version="1.0" encoding="UTF-8"?>
<!--

     Copyright (c) 2009-2011 Misys Open Source Solutions (MOSS) and others

     Licensed under the Apache License, Version 2.0 (the "License");
     you may not use this file except in compliance with the License.
     You may obtain a copy of the License at

        http://www.apache.org/licenses/LICENSE-2.0

     Unless required by applicable law or agreed to in writing, software
     distributed under the License is distributed on an "AS IS" BASIS,
     WITHOUT WARRANTIES OR CONDITIONS OF ANY KIND, either express or
     implied. See the License for the specific language governing
     permissions and limitations under the License.

     Contributors:
       Misys Open Source Solutions - initial API and implementation


-->
<!-- The Audit Record Repository Actor Server Connections -->
<!-- For IHE Actor -->

<Configuration>

    <SecureConnection name="arr-tls">
        <HostName>localhost</HostName>
        <Port>2862</Port>

        <KeyStore>certs/serverKeyStore</KeyStore>
        <KeyPass>password</KeyPass>
        <TrustStore>certs/clientKeyStore</TrustStore>
        <TrustPass>password</TrustPass>
    </SecureConnection>
    <!-- use IP address instead of localhost for UDP -->
    <StandardConnection name="arr-udp">
        <HostName>127.0.0.1</HostName>
        <Port>2861</Port>
    </StandardConnection>


</Configuration>
